{"double": false, "n_d": 1, "backend": "Accelerate", "log2n": 7, "n_slices_per_call": 2, "times": [3.049999941140413e-07, 2.6916968636214734e-07, 2.6916968636214734e-07, 2.6792054995894433e-07, 2.687505912035704e-07]}
{"double": true, "n_d": 1, "backend": "Accelerate", "log2n": 7, "n_slices_per_call": 2, "times": [4.870793782174587e-07, 4.600000102072954e-07, 4.5833992771804334e-07, 4.5874970965087415e-07, 4.600000102072954e-07]}
{"double": false, "n_d": 2, "backend": "Accelerate", "log2n": 7, "n_slices_per_call": 2, "times": [4.64066700078547e-05, 4.0250830352306366e-05, 4.002957954071462e-05, 4.0192920714616775e-05, 4.052374977618456e-05]}
{"double": true, "n_d": 2, "backend": "Accelerate", "log2n": 7, "n_slices_per_call": 2, "times": [0.0009090533398557455, 0.0008886558399535716, 0.0008883575000800193, 0.000888680829666555, 0.0008897287491708994]}
{"double": false, "n_d": 1, "backend": "Numpy", "log2n": 7, "n_slices_per_call": 2, "times": [5.7937507517635825e-06, 5.559170385822654e-06, 5.4145895410329105e-06, 5.416669882833957e-06, 5.437500076368451e-06]}
{"double": true, "n_d": 1, "backend": "Numpy", "log2n": 7, "n_slices_per_call": 2, "times": [5.658339941874146e-06, 5.562499864026904e-06, 5.534581141546369e-06, 5.591249791905284e-06, 5.363340023905039e-06]}
{"double": false, "n_d": 2, "backend": "Numpy", "log2n": 7, "n_slices_per_call": 2, "times": [0.00024732916965149345, 0.0002530241699423641, 0.00025015207938849926, 0.0002499733306467533, 0.0002455933298915625]}
{"double": true, "n_d": 2, "backend": "Numpy", "log2n": 7, "n_slices_per_call": 2, "times": [0.00024875917006284, 0.00024618165916763247, 0.00024629416060633957, 0.0002465100004337728, 0.0002516891702543944]}
{"double": false, "n_d": 1, "backend": "Accelerate", "log2n": 10, "n_slices_per_call": 2, "times": [1.478750491514802e-06, 1.401669578626752e-06, 1.4020898379385472e-06, 1.4024996198713779e-06, 1.4037499204277993e-06]}
{"double": true, "n_d": 1, "backend": "Accelerate", "log2n": 10, "n_slices_per_call": 2, "times": [3.731250762939453e-06, 3.6866695154458284e-06, 3.7625001277774574e-06, 3.8004096131771803e-06, 3.828329499810934e-06]}
{"double": false, "n_d": 2, "backend": "Accelerate", "log2n": 10, "n_slices_per_call": 2, "times": [0.005775939580053091, 0.005798575000371784, 0.005895150828873739, 0.005807629169430584, 0.005772799999685958]}
{"double": true, "n_d": 2, "backend": "Accelerate", "log2n": 10, "n_slices_per_call": 2, "times": [0.1741908995807171, 0.17289199167047628, 0.17656116124941035, 0.17986431666999125, 0.1801936995901633]}
{"double": false, "n_d": 1, "backend": "Numpy", "log2n": 10, "n_slices_per_call": 2, "times": [1.539583085104823e-05, 1.4650829834863543e-05, 1.4687089715152979e-05, 1.4722920022904873e-05, 1.4764999505132437e-05]}
{"double": true, "n_d": 1, "backend": "Numpy", "log2n": 10, "n_slices_per_call": 2, "times": [1.5082089230418206e-05, 1.5042080776765943e-05, 1.5259169740602373e-05, 1.4953330392017961e-05, 1.4644580660387874e-05]}
{"double": false, "n_d": 2, "backend": "Numpy", "log2n": 10, "n_slices_per_call": 2, "times": [0.030762168749934062, 0.03139291500090621, 0.03109258917043917, 0.030996203330578283, 0.031074240000452846]}
{"double": true, "n_d": 2, "backend": "Numpy", "log2n": 10, "n_slices_per_call": 2, "times": [0.03073790041031316, 0.030758648340124636, 0.031133382500847802, 0.030728484999854117, 0.030212147920392455]}
