{"double": true, "n_d": 1, "backend": "cuda", "log2n": 7, "n_slices_per_call": 1, "times": [1.1192611418664456e-05, 1.0892488062381744e-05, 1.081341877579689e-05, 1.075316220521927e-05, 1.0910667479038238e-05]}
{"double": true, "n_d": 2, "backend": "cuda", "log2n": 7, "n_slices_per_call": 1, "times": [0.00014457948040217162, 0.00014416566118597985, 0.00014381967950612305, 0.00014432017225772143, 0.0001433435408398509]}
{"double": false, "n_d": 1, "backend": "numpy", "log2n": 7, "n_slices_per_call": 2, "times": [1.1377469636499882e-05, 1.0094158351421357e-05, 1.0022809728980064e-05, 9.937691502273082e-06, 9.905719198286533e-06]}
{"double": true, "n_d": 1, "backend": "numpy", "log2n": 7, "n_slices_per_call": 2, "times": [1.0777837596833706e-05, 1.0030176490545273e-05, 9.845998138189315e-06, 9.846920147538184e-06, 9.818696416914464e-06]}
{"double": false, "n_d": 2, "backend": "numpy", "log2n": 7, "n_slices_per_call": 2, "times": [0.0003527195006608963, 0.0003626158507540822, 0.0003628764068707824, 0.0003624041797593236, 0.0003624976007267833]}
{"double": true, "n_d": 2, "backend": "numpy", "log2n": 7, "n_slices_per_call": 2, "times": [0.0003664190974086523, 0.00036950693000108, 0.00037252087611705064, 0.00037254024296998976, 0.0003727009892463684]}
{"double": true, "n_d": 1, "backend": "cuda", "log2n": 7, "n_slices_per_call": 2, "times": [6.0843396931886675e-06, 5.794689059257507e-06, 5.525141023099422e-06, 5.538910627365112e-06, 5.601518787443638e-06]}
{"double": true, "n_d": 2, "backend": "cuda", "log2n": 7, "n_slices_per_call": 2, "times": [7.308751810342073e-05, 7.259877864271402e-05, 7.223804946988821e-05, 7.271695416420698e-05, 7.300807628780603e-05]}
{"double": true, "n_d": 1, "backend": "cuda", "log2n": 7, "n_slices_per_call": 4, "times": [3.0049728229641915e-06, 2.769026905298233e-06, 2.8697866946458815e-06, 2.7501117438077925e-06, 2.7269218116998675e-06]}
{"double": true, "n_d": 2, "backend": "cuda", "log2n": 7, "n_slices_per_call": 4, "times": [3.668415825814009e-05, 3.639723174273968e-05, 3.6138086579740046e-05, 3.6693098954856397e-05, 3.64281702786684e-05]}
{"double": true, "n_d": 1, "backend": "cuda", "log2n": 7, "n_slices_per_call": 6, "times": [2.1155331827079258e-06, 1.8653857599322994e-06, 1.850634968529145e-06, 1.8620291181529562e-06, 1.9702905168135962e-06]}
{"double": true, "n_d": 2, "backend": "cuda", "log2n": 7, "n_slices_per_call": 6, "times": [2.4646467257601518e-05, 2.497874083928764e-05, 2.4115433916449547e-05, 2.4083836857850354e-05, 2.4085728606830042e-05]}
{"double": true, "n_d": 1, "backend": "cuda", "log2n": 8, "n_slices_per_call": 1, "times": [1.2557189911603928e-05, 1.2441878207027912e-05, 1.1824863031506539e-05, 1.1968775652348995e-05, 1.1923089623451233e-05]}
{"double": true, "n_d": 2, "backend": "cuda", "log2n": 8, "n_slices_per_call": 1, "times": [0.0005414364300668239, 0.0005391718773171306, 0.0005547627620398998, 0.000541744688525796, 0.0005429286323487759]}
{"double": false, "n_d": 1, "backend": "numpy", "log2n": 8, "n_slices_per_call": 2, "times": [1.2973868288099765e-05, 1.2270468287169934e-05, 1.2286012060940265e-05, 1.2238086201250553e-05, 1.223130151629448e-05]}
{"double": true, "n_d": 1, "backend": "numpy", "log2n": 8, "n_slices_per_call": 2, "times": [1.2764199636876583e-05, 1.230780966579914e-05, 1.2308862060308457e-05, 1.2346389703452586e-05, 1.2305118143558503e-05]}
{"double": false, "n_d": 2, "backend": "numpy", "log2n": 8, "n_slices_per_call": 2, "times": [0.0018259593006223441, 0.0018017508741468191, 0.0018035775981843471, 0.0018176922807469965, 0.0018140146881341934]}
{"double": true, "n_d": 2, "backend": "numpy", "log2n": 8, "n_slices_per_call": 2, "times": [0.0018103018682450057, 0.0018060377705842257, 0.0018238205509260297, 0.0018220507306978106, 0.0018355352617800236]}
{"double": true, "n_d": 1, "backend": "cuda", "log2n": 8, "n_slices_per_call": 2, "times": [6.396882236003876e-06, 6.097499281167984e-06, 6.076209247112274e-06, 6.123841740190983e-06, 5.916408263146877e-06]}
{"double": true, "n_d": 2, "backend": "cuda", "log2n": 8, "n_slices_per_call": 2, "times": [0.00025751107838004826, 0.00025626815389841797, 0.0002565149776637554, 0.0002581924060359597, 0.0002558822883293033]}
{"double": true, "n_d": 1, "backend": "cuda", "log2n": 8, "n_slices_per_call": 4, "times": [3.2280804589390755e-06, 2.997675910592079e-06, 2.9948074370622636e-06, 2.9941508546471597e-06, 3.0467705801129343e-06]}
{"double": true, "n_d": 2, "backend": "cuda", "log2n": 8, "n_slices_per_call": 4, "times": [0.00012891386169940232, 0.0001282715378329158, 0.00012826099991798402, 0.00012820030096918344, 0.00012840386014431715]}
{"double": true, "n_d": 1, "backend": "cuda", "log2n": 8, "n_slices_per_call": 6, "times": [2.2036159255852303e-06, 2.1099597991754613e-06, 2.002018542649845e-06, 2.000364474952221e-06, 2.039683749899268e-06]}
{"double": true, "n_d": 2, "backend": "cuda", "log2n": 8, "n_slices_per_call": 6, "times": [8.546501339878887e-05, 8.487636417460938e-05, 8.533254246382664e-05, 8.568716778730352e-05, 8.541305336014678e-05]}
{"double": true, "n_d": 1, "backend": "cuda", "log2n": 9, "n_slices_per_call": 1, "times": [1.4181230217218399e-05, 1.4024628326296806e-05, 1.3814866542816162e-05, 1.3940287753939629e-05, 1.3797297142446042e-05]}
{"double": true, "n_d": 2, "backend": "cuda", "log2n": 9, "n_slices_per_call": 1, "times": [0.0014695051219314338, 0.0014788662223145365, 0.00155133708845824, 0.0015838897507637738, 0.0015456045093014837]}
{"double": false, "n_d": 1, "backend": "numpy", "log2n": 9, "n_slices_per_call": 2, "times": [1.798638142645359e-05, 1.6993447206914426e-05, 1.6686972230672836e-05, 1.729658804833889e-05, 1.741637010127306e-05]}
{"double": true, "n_d": 1, "backend": "numpy", "log2n": 9, "n_slices_per_call": 2, "times": [1.7582159489393235e-05, 1.702655106782913e-05, 1.717336941510439e-05, 1.6965349204838275e-05, 1.771816983819008e-05]}
{"double": false, "n_d": 2, "backend": "numpy", "log2n": 9, "n_slices_per_call": 2, "times": [0.009485540259629489, 0.00941263291053474, 0.009236089880578219, 0.00933336878195405, 0.009311241372488439]}
{"double": true, "n_d": 2, "backend": "numpy", "log2n": 9, "n_slices_per_call": 2, "times": [0.00931159813888371, 0.009344939799048007, 0.009522723322734237, 0.00916994383558631, 0.009325811471790076]}
{"double": true, "n_d": 1, "backend": "cuda", "log2n": 9, "n_slices_per_call": 2, "times": [7.503489032387734e-06, 7.017548196017742e-06, 6.894627586007118e-06, 6.710276938974857e-06, 6.668809801340103e-06]}
{"double": true, "n_d": 2, "backend": "cuda", "log2n": 9, "n_slices_per_call": 2, "times": [0.0007578382920473814, 0.00075948943849653, 0.0007574399607256055, 0.0007539405580610037, 0.0007615855894982815]}
{"double": true, "n_d": 1, "backend": "cuda", "log2n": 9, "n_slices_per_call": 4, "times": [3.523589111864567e-06, 3.329510800540447e-06, 3.493516705930233e-06, 3.3454690128564835e-06, 3.4050457179546355e-06]}
{"double": true, "n_d": 2, "backend": "cuda", "log2n": 9, "n_slices_per_call": 4, "times": [0.00037181071005761625, 0.00036995045840740206, 0.0003704881900921464, 0.000369749222882092, 0.0003752690413966775]}
{"double": true, "n_d": 1, "backend": "cuda", "log2n": 9, "n_slices_per_call": 6, "times": [2.4221468872080245e-06, 2.281395912480851e-06, 2.2793974494561553e-06, 2.3037282517179847e-06, 2.3069490756218633e-06]}
{"double": true, "n_d": 2, "backend": "cuda", "log2n": 9, "n_slices_per_call": 6, "times": [0.0002457098162267357, 0.000244715668183441, 0.0002447713438111047, 0.0002454889375561227, 0.00024507773923687637]}
{"double": true, "n_d": 1, "backend": "cuda", "log2n": 10, "n_slices_per_call": 1, "times": [1.9808951765298844e-05, 1.982828136533499e-05, 1.9237282685935497e-05, 1.9865110516548157e-05, 1.996132079511881e-05]}
{"double": true, "n_d": 2, "backend": "cuda", "log2n": 10, "n_slices_per_call": 1, "times": [0.0055763770639896395, 0.005762577378191054, 0.005746650150977075, 0.0058093431824818255, 0.005913398498669267]}
{"double": false, "n_d": 1,