{"double": false, "n_d": 1, "backend": "numpy", "log2n": 7, "n_slices_per_call": 2, "times": [5.619145988021046e-06, 5.398124980274588e-06, 5.335082998499275e-06, 5.322833545506001e-06, 5.318707961123436e-06]}
{"double": true, "n_d": 1, "backend": "numpy", "log2n": 7, "n_slices_per_call": 2, "times": [5.319395975675434e-06, 5.2317294757813215e-06, 5.223604035563767e-06, 5.219333514105529e-06, 5.159729509614408e-06]}
{"double": false, "n_d": 2, "backend": "numpy", "log2n": 7, "n_slices_per_call": 2, "times": [0.00025017825001850724, 0.0002515613954747096, 0.0002483353959978558, 0.0002491011454840191, 0.0002479410624946468]}
{"double": true, "n_d": 2, "backend": "numpy", "log2n": 7, "n_slices_per_call": 2, "times": [0.00024731216649524865, 0.0002479573749587871, 0.00024762139603262765, 0.0002486294374684803, 0.000248112270492129]}
{"double": false, "n_d": 1, "backend": "accelerate", "log2n": 7, "n_slices_per_call": 2, "times": [2.7331250021234154e-07, 2.579165156930685e-07, 2.6304146740585566e-07, 2.651665126904845e-07, 2.671044785529375e-07]}
{"double": true, "n_d": 1, "backend": "accelerate", "log2n": 7, "n_slices_per_call": 2, "times": [4.429375403560698e-07, 4.328544600866735e-07, 4.5437499647960067e-07, 4.5908353058621287e-07, 4.3366651516407727e-07]}
{"double": false, "n_d": 2, "backend": "accelerate", "log2n": 7, "n_slices_per_call": 2, "times": [4.096900002332404e-05, 4.098168748896569e-05, 4.0144896018318834e-05, 3.971620852826163e-05, 3.984268748899922e-05]}
{"double": true, "n_d": 2, "backend": "accelerate", "log2n": 7, "n_slices_per_call": 2, "times": [0.000986671666498296, 0.0008781610624864698, 0.000923579020483885, 0.0009354971249704249, 0.0008894111459958367]}
{"double": false, "n_d": 1, "backend": "numpy", "log2n": 8, "n_slices_per_call": 2, "times": [6.425896019209176e-06, 6.457625015173108e-06, 6.642562511842698e-06, 6.335854006465524e-06, 6.390479044057429e-06]}
{"double": true, "n_d": 1, "backend": "numpy", "log2n": 8, "n_slices_per_call": 2, "times": [6.346124981064349e-06, 6.37181248748675e-06, 6.3725624931976195e-06, 6.359583465382457e-06, 6.372146017383784e-06]}
{"double": false, "n_d": 2, "backend": "numpy", "log2n": 8, "n_slices_per_call": 2, "times": [0.0010859220050042494, 0.001067239843760035, 0.001066553437485709, 0.0010574757293943548, 0.001055935260010301]}
{"double": true, "n_d": 2, "backend": "numpy", "log2n": 8, "n_slices_per_call": 2, "times": [0.0011456289843772539, 0.0010996658337535338, 0.001109833750015241, 0.0011140982556389644, 0.0011033877606678288]}
{"double": false, "n_d": 1, "backend": "accelerate", "log2n": 8, "n_slices_per_call": 2, "times": [5.196459824219346e-07, 4.94020467158407e-07, 5.463749985210597e-07, 4.935210454277694e-07, 5.126670002937317e-07]}
{"double": true, "n_d": 1, "backend": "accelerate", "log2n": 8, "n_slices_per_call": 2, "times": [8.647085051052272e-07, 8.62937537021935e-07, 8.722704951651395e-07, 8.125625317916275e-07, 8.137914701364935e-07]}
{"double": false, "n_d": 2, "backend": "accelerate", "log2n": 8, "n_slices_per_call": 2, "times": [0.00019695877563208342, 0.0001983521350484807, 0.00019711604181793518, 0.00019826901065243872, 0.00019738247377972583]}
{"double": true, "n_d": 2, "backend": "accelerate", "log2n": 8, "n_slices_per_call": 2, "times": [0.006712236120001762, 0.0066610244012554175, 0.006716697187512182, 0.006706485443137353, 0.006656856666231761]}
{"double": false, "n_d": 1, "backend": "numpy", "log2n": 9, "n_slices_per_call": 2, "times": [9.245416498742998e-06, 9.216312493663282e-06, 9.039937460329384e-06, 9.040479024406523e-06, 9.066875034477562e-06]}
{"double": true, "n_d": 1, "backend": "numpy", "log2n": 9, "n_slices_per_call": 2, "times": [9.300937468651682e-06, 9.13168751867488e-06, 9.13477101130411e-06, 9.174062521196901e-06, 9.124291478656232e-06]}
{"double": false, "n_d": 2, "backend": "numpy", "log2n": 9, "n_slices_per_call": 2, "times": [0.005497910414705984, 0.0054538985399994995, 0.00544149104040116, 0.0054465641698334365, 0.005467301669996232]}
{"double": true, "n_d": 2, "backend": "numpy", "log2n": 9, "n_slices_per_call": 2, "times": [0.005485527705168351, 0.005459431249764748, 0.005497783335158601, 0.005479841039632447, 0.005442349375225603]}
{"double": false, "n_d": 1, "backend": "accelerate", "log2n": 9, "n_slices_per_call": 2, "times": [8.133124792948366e-07, 8.029374876059592e-07, 8.225835044868291e-07, 7.972500170581043e-07, 8.11500009149313e-07]}
{"double": true, "n_d": 1, "backend": "accelerate", "log2n": 9, "n_slices_per_call": 2, "times": [1.8773124902509153e-06, 1.7846039845608174e-06, 1.8656249740161001e-06, 1.7702290206216276e-06, 1.7981249839067459e-06]}
{"double": false, "n_d": 2, "backend": "accelerate", "log2n": 9, "n_slices_per_call": 2, "times": [0.0011388522951165214, 0.001140973125002347, 0.0011410479148617014, 0.0011434062500484288, 0.0011450506252003833]}
{"double": true, "n_d": 2, "backend": "accelerate", "log2n": 9, "n_slices_per_call": 2, "times": [0.03178119770949706, 0.03176584562461358, 0.03173585166514385, 0.03172498937521596, 0.03171732812479604]}
{"double": false, "n_d": 1, "backend": "numpy", "log2n": 10, "n_slices_per_call": 2, "times": [1.4925791532732547e-05, 1.4750707952771336e-05, 1.472543750423938e-05, 1.472477096831426e-05, 1.4766395499464124e-05]}
{"double": true, "n_d": 1, "backend": "numpy", "log2n": 10, "n_slices_per_call": 2, "times": [1.4802271034568547e-05, 1.4661791501566768e-05, 1.4697979029733687e-05, 1.4756874996237457e-05, 1.4730874972883612e-05]}
{"double": false, "n_d": 2, "backend": "numpy", "log2n": 10, "n_slices_per_call": 2, "times": [0.03028903855010867, 0.029827791676507332, 0.029724462499143556, 0.02987820102425758, 0.02964978855161462]}
{"double": true, "n_d": 2, "backend": "numpy", "log2n": 10, "n_slices_per_call": 2, "times": [0.029724389599869026, 0.029712053126422687, 0.02967196042300202, 0.029791101047885606, 0.029839527077274396]}
{"double": false, "n_d": 1, "backend": "accelerate", "log2n": 10, "n_slices_per_call": 2, "times": [1.3858540332876146e-06, 1.3786664931103588e-06, 1.3756250264123083e-06, 1.3675209484063088e-06, 1.381333509925753e-06]}
{"double": true, "n_d": 1, "backend": "accelerate", "log2n": 10, "n_slices_per_call": 2, "times": [3.917604044545442e-06, 3.6955414689145983e-06, 3.70925001334399e-06, 3.685957984998822e-06, 3.691166522912681e-06]}
{"double": false, "n_d": 2, "backend": "accelerate", "log2n": 10, "n_slices_per_call": 2, "times": [0.005682112500653602, 0.005629842699272558, 0.00561582605005242, 0.005617587498272769, 0.00568211147619877]}
{"double": true, "n_d": 2, "backend": "accelerate", "log2n": 10, "n_slices_per_call": 2, "times": [0.17435065625177232, 0.17400313645193818, 0.17360173540073448, 0.1737155833223369, 0.17358474479988217]}
{"double": false, "n_d": 1, "backend": "numpy", "log2n": 11, "n_slices_per_call": 2, "times": [2.7432292001321913e-05, 2.736789552727714e-05, 2.735356247285381e-05, 2.736789599293843e-05, 2.7369125047698618e-05]}
{"double": true, "n_d": 1, "backend": "numpy", "log2n": 11, "n_slices_per_call": 2, "times": [2.7525312500074505e-05, 2.7422666957136244e-05, 2.742431254591793e-05, 2.741543750744313e-05, 2.7446083491668106e-05]}
{"double": false, "n_d": 2, "backend": "numpy", "log2n": 11, "n_slices_per_call": 2, "times": [0.1527339666732587, 0.1524896145769162, 0.1520626208250178, 0.15232996874838137, 0.152140167701873]}
{"double": true, "n_d": 2, "backend": "numpy", "log2n": 11, "n_slices_per_call": 2, "times": [0.15168447812611702, 0.15221782082517166, 0.15215610417362768, 0.15232397187501193, 0.15294938855222426]}
{"double": false, "n_d": 1, "backend": "accelerate", "log2n": 11, "n_slices_per_call": 2, "times": [2.63162498595193e-06, 2.5895420112647117e-06, 2.600312524009496e-06, 2.5888545205816627e-06, 2.5797500275075434e-06]}
{"double": true, "n_d": 1, "backend": "accelerate", "log2n": 11, "n_slices_per_call": 2,